0,1,2,3,4,5,6,7,8,9,10,11,12,13
231.72545,3.112241,3.3766152999999997,2.7326467,1.8678021,3.4569898,3.4172915999999995,3.4286407999999997,3.200669,3.2696967,3.2651155,3.3950110000000002,3.4517142999999995,3.1989236
-190.6585,-2.5498830000000003,-2.7489886,-2.2107415,-1.7422893,-2.7210357000000003,-2.7050414000000003,-3.1220603,-2.664524,-2.8318147999999996,-2.7400723,-2.7769543999999997,-2.6733103,-2.574837
-158.70518,-2.7447633999999996,-2.890001,-2.766624,-1.591664,-2.9631906000000003,-2.990771,-3.0577676,-2.9327419,-2.9951925,-2.9811502,-2.9417908,-3.0141299,-2.8889810000000002
124.466255,1.4172627,1.364092,1.1339226999999998,0.5046659,1.5448745000000002,1.5147476,1.2986788999999999,1.3754833,1.441238,1.4541135,1.5316964,1.3546184,1.3990171999999998
141.75208999999998,1.3085891,1.8348351999999999,1.1581607,1.3860431999999998,1.9372988999999998,1.8076296000000003,1.8972661,1.7852284,1.8255348000000002,1.8581900000000002,2.0003943,1.9089189999999998,1.7483118999999998
163.1561,2.9333422000000002,3.1000294999999998,3.0323167,1.9018276,3.2533397999999996,3.119382,3.3186104,3.1525812,3.1622472000000004,3.2796440000000002,3.1338155,3.153963,3.0906453
-255.60957000000002,-0.38493679999999997,-0.122423895,-0.22461823,-6.2167582999999995,-0.14870809,-0.1078184,-0.13861942,-0.024442334,-0.022176381000000002,-0.11644288,-0.05254794,-0.10452183,-0.06473340000000001
-144.4082,-2.8861713,-3.1202172999999997,-2.837601,-1.9853442,-3.1546838,-3.0982363,-3.4037824,-3.1432599999999997,-3.1063902000000003,-3.145914,-3.2559922,-3.1910284,-3.1482398999999996
230.90497000000002,1.6102228,2.3033402,2.0360324,2.103583,2.4142992000000003,2.1705272,2.8121815,2.326228,2.371921,2.3443258,2.4413214,2.3620818,2.146672
-213.71541000000002,-2.8186822,-3.0964009999999997,-2.3532505,-1.4894073,-3.1014225,-3.230268,-3.3349226,-3.0529466,-3.2249423999999998,-3.1220095000000003,-3.0579362,-3.083768,-2.851429
-212.7644,-3.6857498,-3.5946917999999997,-2.9040577,-1.0739098,-3.7146795,-3.620158,-3.9108996,-3.7094986000000003,-3.7314873,-3.7243114,-3.6214793,-3.6710532,-3.6517763
-145.5966,-1.4330542,-1.8062066000000003,-1.348155,-1.2315841,-1.8672414000000002,-1.8297141,-1.9237058999999999,-1.9926776000000002,-1.7236629,-1.9150789000000001,-1.791364,-1.7843627,-1.9262362000000002
-130.76727,-1.3598117,-1.5922713,-0.7429154,-1.7185738999999998,-1.5833025,-1.5238785,-1.7591691000000003,-1.6299382,-1.5127206,-1.6493698,-1.3836465,-1.5322738,-1.6913096999999997
-239.1079,-0.5748601999999999,-0.42828572,-1.0672776000000002,-3.578837,-0.44928807,-0.43606940000000005,-0.1287412,-0.48032594,-0.3437272,-0.57880044,-0.28195968,-0.45858324,-0.8540462
209.54012,3.2798392999999995,3.0462607999999998,2.0607564,0.6038140999999999,3.0887372,3.130191,3.097317,3.0539765,3.085948,3.133437,3.135264,3.0553725,3.0817595
127.64005,2.6331954,2.7721221000000003,2.3837526,1.4537639999999998,2.8134215,2.7971567999999998,2.9873743,2.715711,2.8042138,2.7653475,2.741136,2.801894,2.786943
221.21329,0.49010926,0.36440495,0.8642221,2.152341,0.39801604,0.26578596,0.42772844,0.33691317,0.34736374,0.19074252,0.2004454,0.45431292,0.20358972
-155.08398,-2.9559362,-3.1045876,-2.9642972999999997,-1.7979982,-3.1731759999999998,-3.1460698,-3.2927852,-3.1072377999999996,-3.1450869999999997,-3.0972085,-3.0972638,-3.1362712000000004,-3.1288682999999997
202.42198,0.22154936,0.21427818,0.6081346,4.2605925000000004,0.19037838,0.21472960000000002,0.35105962,0.27729982,0.3911159,0.32007745,0.25065160000000003,0.24445010000000003,0.37600628
170.13933,3.8384593000000002,4.225850599999999,3.9098047999999994,2.7835520000000002,4.280416000000001,4.254194999999999,4.505307,4.278272,4.302368599999999,4.401752,4.306339,4.320922,4.251671
237.15546,3.0132482000000005,3.138764,1.9248557000000002,2.597369,3.2129416,3.1174076,3.2162585,3.0208225,3.0647417999999997,3.0600498,3.2235546000000004,3.0127292000000003,2.8898043999999996
-195.72614,-2.9682431,-3.2293804,-1.9844085,-1.5795671999999998,-3.2852845,-3.2730572,-3.5473394,-3.2613779999999997,-3.2865043,-3.3081593999999996,-3.3531458,-3.2290362999999997,-3.2746812999999997
158.31441999999998,2.9067917000000003,2.9569597,1.7512332,0.015725737,3.078869,3.00795,2.915403,3.059628,2.9354433999999996,3.1297596000000003,3.0635254,2.9612796,3.0562549999999997
-189.13806,-3.2144701,-3.3887155,-2.445585,-0.53543663,-3.5357711000000003,-3.5572731,-3.5534877999999996,-3.4894924,-3.4329576,-3.4406839999999996,-3.4960440000000004,-3.2779236000000003,-3.3038247000000003
-208.44472,-3.4620674,-3.3925754999999995,-2.9701736,-1.0233215,-3.3238149,-3.3973934999999997,-3.8108470000000003,-3.3544834000000003,-3.411929,-3.4193149,-3.4119809,-3.5067693999999996,-3.2562542000000003
-143.6631,-2.4889216,-2.5169373,-1.5849937,-0.70602244,-2.6319711,-2.6094150000000003,-2.621108,-2.6363494,-2.5269566,-2.6446943,-2.6429298,-2.5487876,-2.6275234
173.07895,2.8243806,2.9427216,2.8415258,1.6808984,3.0406222,3.030128,3.206131,3.0161982000000003,3.0030847,3.0338476,3.0353382,3.1391869999999997,2.9284737
-217.75432,-3.3834443,-3.4521669999999998,-2.9345107000000006,-1.6830033,-3.5637144999999997,-3.4209855000000005,-3.7737242999999996,-3.4726398,-3.580998,-3.561979,-3.5667160000000004,-3.5352066,-3.3456297
-206.17328,-3.1556897,-3.403322,-2.9054900000000004,-1.3757706,-3.4570599000000004,-3.3266430000000002,-3.8467546,-3.3225482000000004,-3.4004877000000002,-3.3855690000000003,-3.4919192999999997,-3.3525197999999996,-3.1993906
-170.20558,-3.3622410000000005,-3.6664242999999996,-3.3379839999999996,-1.8237522000000002,-3.711789,-3.6974592000000004,-4.0282073,-3.6962940000000004,-3.7938389999999997,-3.77204,-3.7069690000000004,-3.6816123,-3.6717682000000003
-130.52438,-0.45502803,-0.071559265,-0.31412894,-3.3531934999999997,-0.1317352,-0.050808668,0.29200312,-0.03823832,-0.050017502,0.012378483999999999,0.04947083,-0.04079543,0.017377514
-244.70045,-0.6521901999999999,-0.32830492,-1.9255421000000001,-6.1669599999999996,-0.17713223,-0.19540447,0.30852664,-0.26761374,-0.22954464,-0.20113657,-0.09030776,-0.38551548,-0.57821304
147.8589,2.731103,2.7478929,2.587697,0.9970157,2.8329601,2.7717106,2.9620897999999998,2.7546942000000003,2.8165987,2.8117813999999997,2.8020522999999997,2.9480572,2.7678509
-143.05995,-2.905019,-3.0143077000000003,-2.9311123,-1.6788193,-3.1012738,-3.0140443,-3.2637446,-3.0126730999999998,-3.0561504,-3.0819864,-3.0459878,-3.0847535,-2.9750967
186.83217,2.537528,2.575714,2.0552349999999997,1.319372,2.5844533,2.6352596,2.4708607000000002,2.5541009999999997,2.5968904,2.6133463,2.60816,2.5331050999999998,2.56487
-244.76698,-3.1023612000000003,-3.2206035,-2.6602485000000002,-1.3856051999999999,-3.4059144999999997,-3.1481392,-3.4703302000000003,-3.2826817000000004,-3.15295,-3.2843447,-3.2820685,-3.2571821,-3.1108081000000003
-194.49753,-4.132521,-4.347701,-3.2657936000000003,-1.5460713,-4.347096,-4.3124910000000005,-4.3067703,-4.128063,-4.352099,-4.3649154,-4.487593,-4.1128497,-4.2649403
223.54807000000002,-0.12432859,0.053620953,0.41175777,5.181499,0.10687116,0.08633300000000001,0.05494991,0.015478627,0.0823541,0.05506278,0.0029069465000000003,0.02112816,0.06673017
222.67735,-0.43919790000000003,0.033559985,0.9268939,4.0860386,-0.0827953,0.09826172,0.03741472,-0.042373575,0.0052171396,0.10875369,-0.031261854,0.04198246,0.024680985
-225.38176,-2.9234313999999997,-3.1786117999999997,-2.596556,-0.7625489000000001,-3.2565002,-3.1658467999999997,-3.4472794999999996,-3.081082,-3.1880076,-3.0785812999999997,-3.1175776,-3.303604,-2.9224544
-200.66246,-0.23918845,0.0022145417000000002,-0.23451963,-4.3268895,-0.010547915500000001,-0.06663168,0.2335636,-0.13713352,0.01958247,-0.1581781,-0.13501051,-0.16976233,-0.14146696
227.1783,3.2902155,3.779772,2.5542285,0.8427158000000001,3.7495701,3.7733337999999996,3.9326668,3.7740133,3.7249799,3.8199441,3.8636714999999997,3.6713834000000003,3.8071895
-183.83524,-3.1584787,-3.3156074999999996,-2.4041040000000002,-1.165124,-3.3313587,-3.2813046000000003,-3.239918,-3.3576124,-3.2113144,-3.369746,-3.2909472,-3.2996302,-3.330105
116.87246,2.8368096,2.8221423999999997,1.6128042,-0.034571964,2.8856807,2.830435,3.0207353,2.7955246,2.8065834,2.8196816000000005,2.924711,2.7677667,2.743189
-171.92866999999998,-1.1896405,-1.6461189999999999,-1.0681753999999999,-1.6095423,-1.776789,-1.5813522,-1.8525375,-1.5771441000000002,-1.6997042000000002,-1.6511936000000003,-1.8439211,-1.7804543000000002,-1.5284098
212.89202999999998,3.618158,3.7491825,2.6296966,1.175705,3.7786760000000004,3.7291136,3.8749614,3.8151379,3.8043928,4.0112705,3.8877509,3.77369,3.9828494
-225.92076,-0.89686424,-0.93835646,-1.1723253999999999,-2.794532,-1.0762211000000002,-0.95778173,-1.3391587,-0.96006316,-0.9874069,-0.91821194,-0.86856496,-0.94551414,-0.84429115
142.76,2.9534776000000003,3.0548142999999994,2.9010646,1.8122797,3.1317779999999997,3.0139382,3.0907223,3.0795814999999997,3.1085331000000003,3.0345054,3.0878427000000004,3.131733,3.0708477000000003
283.96597,0.6833467,0.5561228,0.98379254,5.909551,0.60795367,0.37859344,0.4276043,0.5721755000000001,0.50071126,0.37899223,0.25658354,0.41157433,0.33760566
248.21018999999998,0.25853828,0.19426201,-0.6735065,6.161723599999999,0.15704978,0.25689873,0.5356247,0.13074374,0.09705998,-0.024690345,0.5640024,0.065055974,0.06585715
196.5346,3.3470957,3.7384195,2.864226,1.7653244,3.7920309999999997,3.7015233,3.6574957,3.783361,3.6617043,3.8274958,3.7502937000000007,3.6814747000000003,3.7526949999999997
-146.07965,-2.5696616000000003,-2.7778549999999997,-2.2955995,-1.341153,-2.833415,-2.8023412,-2.9927306000000002,-2.812736,-2.8255172,-2.7741637000000003,-2.8128786,-2.8146522000000003,-2.7933967
217.74437999999998,4.7565,4.641709,4.5489334999999995,2.1710083,4.7485957,4.6242160000000005,5.006396,4.666067,4.5953445,4.4949656,4.8170996,4.872529,4.410092
171.89623999999998,1.0010847999999999,0.8796888,1.0394413,3.4328198,0.6870943,0.83258355,0.72449064,0.77295697,0.7096455,0.79077035,0.79672205,0.81671524,0.94925445
191.91339,0.6395266,0.59866285,1.1646421999999998,4.3108683,0.45989928,0.58423924,0.6641828000000001,0.5868646,0.50297785,0.73066056,0.47472247,0.66817045,0.8617041999999999
-215.18875,-0.64415723,-0.5079130000000001,-0.994216,-3.20919,-0.3616086,-0.3584968,-0.25873229999999997,-0.53701526,-0.5128397,-0.52211785,-0.25115287,-0.5928372,-0.6981596999999999
244.13515,1.4367728000000002,1.4097697,1.6533514999999999,5.553744,1.256278,1.398042,1.3462781000000001,1.5199438,1.4685953,1.3377576,1.2103447,1.4096284,1.3670143
-240.37701,-3.3188480000000005,-3.5596572999999996,-2.507846,-1.254992,-3.6641233,-3.5085824,-3.6782427,-3.643267,-3.5195157999999998,-3.7655928,-3.605425,-3.5683768,-3.7594159
-234.05392,-0.79936874,-1.0077531,-0.65149486,-2.4285936,-0.98564506,-1.028241,-1.2992914,-0.833852,-0.86811286,-0.5839409000000001,-0.92131686,-0.92534494,-0.51751506
163.35051,2.6187186000000002,2.7613251,2.2573256,1.4091726999999998,2.7890007000000003,2.7691698,2.9336078,2.713685,2.7644752999999995,2.826879,2.8494272,2.7464492000000003,2.7616997000000003
-154.51482,-3.243199,-3.5424252,-2.976987,-0.9682400999999999,-3.5063896,-3.5993989,-3.7764695,-3.5551866999999997,-3.5573080000000004,-3.6108022000000006,-3.5947375,-3.6862626000000005,-3.5810091
-128.25163,-3.3077120000000004,-3.4931355,-2.2781884999999997,-0.2764198,-3.4224004999999997,-3.465264,-3.6148834,-3.3296232000000003,-3.4836051,-3.2836203999999998,-3.6452446000000003,-3.4583545,-3.2001302000000003
-342.13248,-0.5452994999999999,-0.37810153,-0.5251941999999999,-2.542505,-0.40453678,-0.5135737,-0.5661194,-0.33275312,-0.40060645,-0.42241675,-0.6356096999999999,-0.48684314,-0.37184122
-207.55093,-3.5582788,-3.6579585,-3.0120196,-1.2339045,-3.8378080000000003,-3.7792953999999996,-3.9402692000000004,-3.7110543,-3.7350864,-3.7857606,-3.8585384,-3.7640559999999996,-3.7107398999999996
215.1397,1.1828096000000001,1.4600089,1.574729,4.817175,1.7979198,1.5569233,1.9310825,1.6484938999999998,1.7047936000000001,1.5849763000000001,1.6939883999999998,1.6464976000000002,1.5298488000000001
241.39264,0.6029838000000001,0.61958516,0.30084786,3.1930213,0.61977506,0.63605124,1.0754496,0.65467393,0.8136738,0.5140880999999999,0.6873064,0.65789837,0.48102158
146.84566999999998,2.9899782999999998,3.188632,2.7891502,0.6328655,3.2291939999999997,3.1900713,3.6064187999999993,3.262267,3.2142817999999997,3.244854,3.4247842000000004,3.165132,3.1496284
-133.54344,-2.5970485,-2.8117094,-2.4756007,-1.9130638999999998,-2.8023052,-2.8287616,-3.0070883999999998,-2.8144429,-2.901234,-2.8484855,-2.8178139,-2.8546069,-2.8199296
93.38575,2.573515,2.6105509999999996,1.6890254,-0.03055425,2.6439517,2.6240964,2.8926842,2.6780365,2.6421412999999996,2.7067069999999998,2.731091,2.6532435000000003,2.6758332
184.37712,3.3445306000000006,3.386506,2.844321,1.7579082,3.5077105000000004,3.4575093,3.3695457,3.4134656999999997,3.3423748,3.5272943999999997,3.4973351999999998,3.3454592000000005,3.4334432999999995
229.1772,3.456811,3.518989,2.822136,1.7571361,3.6376293,3.6391517999999996,3.6910198,3.5695872000000004,3.5263484,3.6879353999999998,3.6280462999999994,3.559772,3.673132
-128.53075,-2.7084246,-3.0395951,-2.43444,-1.3052747,-3.0543772999999996,-3.0067556,-3.2358046000000003,-3.028069,-3.0985177000000004,-3.0860534,-3.0220976000000004,-3.056379,-3.0535905
207.55196,0.27742922,0.12409391,0.13873409,5.376739,0.084204204,0.23739715,-0.06034561,0.18662594,0.10841169,0.2802363,0.21557880000000001,0.14912315,0.33523813
-128.11043999999998,-2.9339294,-3.214423,-2.328257,-0.44864196,-3.2007895,-3.1448652999999998,-3.344667,-3.1422274,-3.1021633,-3.2077560000000003,-3.28565,-3.0455360000000002,-3.0104868
-154.69284,-2.801324,-3.0169013,-2.7671664000000002,-1.3869673,-3.0921986,-3.0947737999999996,-3.1829505,-3.0392022,-3.0550593999999998,-3.0764582000000003,-3.0780826,-3.1360338,-2.9562720000000002
228.30225,0.43038590000000004,0.2868038,0.6403694999999999,4.4894524,0.1471431,0.13416786,-0.042515572,0.16919819,0.116212375,0.3011333,0.15691344,0.19740087,0.29345113
204.98605,3.8379827000000004,3.9060794999999997,2.5412752999999997,0.7165047,3.9536407,4.0036760000000005,4.087713,3.9432943,3.9182131,3.9749527000000002,4.088076,3.9189177,3.9076736000000003
177.73251000000002,3.1751256000000003,3.4333308,2.5924072,1.2649083,3.5476182,3.4262300000000003,3.479203,3.4188782999999994,3.4412766,3.5923413999999996,3.4540858,3.5085224999999998,3.4493427000000003
-152.61588999999998,-1.9297308999999998,-1.9298296000000001,-1.2222733000000001,-0.5261995,-2.0283797,-1.9631474999999998,-1.8805707999999999,-1.9474603,-1.9699891999999999,-1.9599012999999998,-2.0540278,-1.9388313999999998,-1.9483944
-140.44106000000002,-2.743872,-2.9538136,-2.6694124,-1.2024621000000002,-3.0996666,-3.0121586,-3.1885943,-3.1086376000000002,-2.9912919999999996,-3.0706862999999998,-2.9609015,-3.0082257,-2.931121
225.07445,2.4110856,2.7741146,2.1842334,2.0825527,2.8383586,2.7872312000000004,2.8771992,2.6656044,2.7438683999999998,2.7635867999999997,2.7476943,2.8489096000000003,2.6581647
-146.63249,-2.7426827,-2.818553,-2.470366,-0.82058024,-2.8615863,-2.9369595,-3.1063182,-2.9056493999999997,-2.8320987,-2.9619951,-2.9684072,-2.9079118,-2.850234
-141.67299,-2.8168807,-3.1913521,-2.8362505000000002,-1.2910452,-3.1678245,-3.174745,-3.4954,-3.2174964,-3.2128615000000003,-3.2124498,-3.15808,-3.2748407999999998,-3.1630652
-141.40736,-2.7818099999999997,-2.9532282000000003,-2.065353,-0.6647989000000001,-3.0001957000000004,-2.9188142000000004,-3.0249042999999998,-3.0488453,-2.961179,-3.164941,-2.9571965000000002,-2.9590408999999998,-3.1183523999999996
-147.71027,-3.0205648,-3.242316,-2.3181732000000004,-0.9117851999999999,-3.3206189,-3.266759,-3.3148123999999997,-3.3320107000000005,-3.2116942,-3.4878106,-3.3363485,-3.1716523,-3.4856176
-165.93233999999998,-1.9933148999999997,-2.5773585,-1.7509574,-2.2255722999999996,-2.5160424999999997,-2.5012813,-2.9248965,-2.4191992,-2.4521363,-2.5076772999999997,-2.5725534,-2.4003525000000003,-2.4390264
129.49895,2.1982636,2.1186838,1.4752624,0.9945785,2.1014527999999997,2.1015801,2.1526914,2.0847588,2.0817246,2.1409173,2.1020777,2.0438967,2.013334
-215.58338999999998,-2.9262152,-3.5211308,-2.8543713,-3.8406355000000003,-3.5699549,-3.5336802000000005,-3.6282224999999997,-3.3704636,-3.4309125,-3.498824,-3.5018608999999996,-3.4261150000000002,-3.503271
139.48479,3.0221270000000002,3.190241,3.0618317000000004,1.6445944,3.384295,3.1939516,3.4904319999999998,3.2407357999999995,3.2605155,3.3364081,3.1700735,3.3402581,3.2574822999999995
202.1773,3.2698827,3.4712553,2.9329782000000004,1.2582918,3.6458983,3.4862664,3.8344120000000004,3.4316394,3.4482646,3.4646366000000004,3.4788682,3.5068092000000006,3.2931232
-203.60477,-3.7334886,-3.8982508,-3.4479902,-2.4250032999999998,-3.9747867999999995,-3.9773183,-4.1410475,-3.9232205999999996,-3.8833968999999997,-4.0837959999999995,-3.9480657999999997,-3.8709995999999998,-4.017901
161.67786999999998,0.35140595,0.5268915,0.08107145,3.040747,0.4292504,0.517005,0.42720118,0.44656655,0.45470145,0.5014707,0.51406014,0.3124887,0.43574294
206.31656,2.9668732,3.132413,2.7583568,1.4943141000000002,3.1283505000000003,3.090242,3.5941246,3.1558816000000003,3.0858514,3.1308224,3.2218606,2.9961439999999997,2.9272367999999998
-158.40887,-3.1231240000000002,-3.3241644,-3.255201,-2.2151327000000003,-3.374914,-3.351253,-3.6149912000000004,-3.3236256,-3.3396301,-3.3085632000000005,-3.314892,-3.2681491,-3.2655778
-255.2509,-3.1793685000000003,-3.328839,-2.5261633,-1.7581006999999997,-3.3528142,-3.2370959999999998,-3.3191366,-3.2690217,-3.3921080000000003,-3.251128,-3.250006,-3.2754056,-3.112437
-230.13554,-3.4763862999999997,-3.5522535000000004,-2.6210556,-1.3881,-3.572054,-3.6364076,-3.8612497,-3.7529339999999998,-3.5253265,-3.7149687000000005,-3.7579904,-3.5545785000000003,-3.7025976000000003
-144.49913,-1.9251021000000001,-2.2621956,-1.345508,-1.0433002,-2.3965107999999997,-2.2517544999999997,-2.3099947,-2.3251673999999998,-2.2997067,-2.4489827,-2.2769003,-2.2508342,-2.3777285
-239.79466000000002,-4.9332156,-5.300924299999999,-3.8312926,-2.18772,-5.2634845,-5.2689257000000005,-5.2622256,-5.1270112999999995,-5.315628,-5.2812852999999995,-5.372595,-5.1570425,-5.3153095
-292.6593,-3.5123388999999996,-3.633204,-2.2924432999999995,-1.4993701000000001,-3.7860970000000003,-3.7246718,-4.092121,-3.7672272000000007,-3.6795324999999997,-3.7807437999999993,-3.9289812999999993,-3.6541087999999995,-3.7549946000000003
-141.50026,-2.6700937999999996,-2.7756996,-2.3782396,-1.6179166,-2.7907037999999997,-2.7603462000000003,-3.045959,-2.8207111,-2.822192,-2.7700183,-2.815691,-2.8159127,-2.7880592
-179.58386000000002,-0.3337741,-0.11679691,-0.03285849,-5.081314,-0.036763348,0.0011283703,0.18307012,-0.11969084,0.0018858664999999999,-0.109327495,-0.21709699999999998,-0.13686126,-0.21144444
-209.8862,-2.694607,-2.8200808,-2.2903222999999997,-2.0805721,-2.8690052,-2.7752905,-2.9959984,-2.7506993,-2.9049017000000004,-2.80935,-2.8253812999999997,-2.830596,-2.5738275
174.55112,3.0399375,3.3531544,2.6099992000000003,2.4135267999999996,3.400724,3.3701482000000005,3.8545775,3.244898,3.3316839999999996,3.2387667,3.4263964,3.3339818,3.0385456000000004
130.4584,0.6122403000000001,0.9879634,1.1752189,3.0079641,0.90474176,0.97664684,1.125809,1.0966266000000002,0.9658101999999998,1.0767795,0.77923334,1.0759773000000001,1.1638588
-153.03644,-2.5063963,-2.5392137000000004,-1.9114646,-0.7574516,-2.6515915,-2.5142846000000003,-2.4768965,-2.5472672000000003,-2.5113955000000003,-2.5663607,-2.5968002999999995,-2.5727532,-2.5355868
-178.69781,-3.0737153999999998,-3.1254284,-2.0537019,-0.115239896,-3.1399062,-3.1508574,-3.1480942,-3.1910992,-3.0715632,-3.2066612,-3.2099776,-3.1287518,-3.1726072
-268.79602,-4.0392995,-4.1741805,-2.5967376,-1.5735062,-4.234558,-4.1808643,-4.3271184,-4.107948,-4.23729,-4.3117046,-4.339165,-4.084639,-4.149096
-164.08817,-2.0212595,-2.2908437000000004,-1.787334,-1.3683648000000002,-2.4256208,-2.3666146,-2.5396676,-2.3166194,-2.3308785,-2.4229615,-2.3590517,-2.313606,-2.2513342
123.60023999999999,3.3349733,3.1241397999999996,2.1295028,0.22135243,3.1391704,3.1554458,3.2891672,3.121285,3.0908558,3.1468658,3.2661700000000002,3.1383363999999996,3.0438147
-218.4783,-2.782002,-3.0190770000000002,-2.45502,-1.3598403000000001,-3.0712135,-2.9550285,-3.2136842999999997,-3.0477842999999996,-2.9678404,-3.0066919999999997,-3.0711694,-3.1835887,-2.8162677000000005
193.42262,3.379614,3.6949494,3.0507953,1.5485822,3.7548766000000002,3.647665,3.5323097999999997,3.867949,3.6970336,3.8352074999999997,3.7066567000000004,3.7391555,3.7706589999999998
-172.04416,-3.3081150000000004,-3.6903407999999995,-3.2547748,-1.6155273,-3.8822956,-3.7780788,-4.109773000000001,-3.8090839999999995,-3.9110696000000003,-3.8247106,-3.8947105000000004,-3.762911,-3.7695410000000003
222.23353999999998,0.59274596,0.8576212,0.5108323,2.2414522,0.7710453,0.75127685,0.9287124,0.79220456,0.83189887,0.7590078,0.8269331,0.9008745000000001,0.6608822
205.97849,2.8672006000000003,2.978878,2.355381,1.5518801000000002,3.1310794,3.0046728,2.8894691000000003,3.1730337000000004,3.0914422999999998,3.2344093,2.9905958,3.0310695,3.0175045
220.72745,0.7159028000000001,0.9547722,0.5228918,2.8982599,0.9006276,0.8025286,0.8873186,1.0737113,0.958885,1.041898,0.80641353,1.0616598999999998,0.8369446
-131.24788,-2.3224196,-2.1195443,-1.6575819999999999,-1.1232328,-2.1663454,-2.1184668999999996,-2.2490602,-2.2229755,-2.1606755,-2.2076618999999997,-2.2536595,-2.0950627,-2.1800966
164.77205,3.5438777999999997,3.8235312000000006,2.7852843,1.8439031000000004,3.9082763,3.8662940999999997,4.101217,3.7524092000000002,3.8260372000000005,3.715046,3.8576796000000004,3.8257375,3.8194582
247.34735,4.364399400000001,4.496747,3.4102330000000003,1.162744,4.380781,4.4823174,4.6196795,4.325824,4.359691000000001,4.436818,4.539283,4.366437,4.6163300000000005
187.27171,2.7893044999999996,3.0745726,2.1947262000000003,0.75915873,3.1211724,3.0956566000000003,3.0641408,3.1369933999999997,3.0361588,3.1656002999999995,3.067793,3.0947452,3.086484
161.29297,2.8555102000000003,2.9287179,2.2969942000000003,0.18617126,2.9701877,2.9090486,3.2362313,2.9180026000000003,2.8589396000000002,2.958595,3.0074384,2.9612813,2.8469398
-215.45387000000002,-2.6846502,-2.8709569999999998,-2.5793226000000002,-1.2075803999999999,-2.9752111,-2.9522014,-3.1843122999999998,-2.8868816,-3.0001242,-3.0547988,-2.7784543,-2.8945038,-2.862792
203.13994,4.3421655,4.517842,3.7555022000000005,2.5951570999999998,4.600260700000001,4.530833,5.051583,4.487336,4.525471700000001,4.603159400000001,4.5889215,4.520338,4.426119
198.12949,3.5587184,3.857046,2.9836252,2.5062041,3.7329457,3.843065,4.093166399999999,3.6071345999999997,3.7900732,3.755751,4.0238776,3.7679625,3.6102102
-129.85843,-2.9719818,-3.1111085,-3.0420604,-1.8762267,-3.157336,-3.092448,-3.4510127999999995,-3.2026336,-3.1894298,-3.270347,-3.2034528,-3.1912487,-3.1310751
-149.20125,-3.107135,-3.3638232000000006,-3.1551682999999997,-2.1055143,-3.4281072999999997,-3.4012002999999997,-3.6841182999999997,-3.3587995000000004,-3.4095192,-3.3696296,-3.344246,-3.4338288,-3.2977087
-241.92233,-0.38099483,-0.17271686,0.31441987,-6.9065199999999995,-0.06841748,-0.11715088,-0.20079808,-0.058730137,0.0007823753999999999,-0.076314755,-0.10755481,-0.06581413,-0.016752873999999997
198.12729,2.9344256,3.0243306,2.5104313,1.6535375,3.0386312,2.9083343,2.9291565,2.9595914,2.9400537,3.0736163,3.0194452000000003,2.9134444999999998,3.0016642000000004
-224.253,-2.494486,-2.7724335,-2.3549423,-1.4155018,-2.7775898,-2.711471,-3.322425,-2.8213396,-2.825244,-2.710105,-2.877486,-2.8793533,-2.6556627999999995
209.50229,3.3227687000000006,3.5618052000000002,2.8483334,1.2501332,3.6186928999999997,3.5232723,3.7148995000000005,3.5492392,3.5226328000000002,3.4096742,3.5574199999999996,3.6229649,3.481528
-148.78015,-3.3494047999999994,-3.5393800000000004,-2.4437358,-0.9102703999999999,-3.6859940000000004,-3.6118636,-3.5139112,-3.762932,-3.5843443999999995,-3.8501787000000003,-3.6672086999999998,-3.6248983999999997,-3.7810080000000004
-226.53612,-2.5520072,-2.6107285,-1.7746195,-2.1032805,-2.7376251,-2.6258194,-2.7106874,-2.795774,-2.6441498,-2.781066,-2.6554916,-2.7130084,-2.8333542
183.95978,3.009219,3.0273068,2.8865337,1.7566148000000001,3.1070162999999997,3.0043724,3.2480316000000005,3.0288958999999998,3.0320795,3.0986295,2.9762912,3.1483402000000003,2.9355426
-164.22502,-2.2939713,-2.2120612,-1.7201799,-1.0470027,-2.2716653,-2.2305784,-2.1376060000000003,-2.2239444,-2.225998,-2.3084648,-2.2845352,-2.188272,-2.2733432999999996
-232.25291,-3.4367619,-3.7961915,-2.6315532000000004,-0.83811706,-3.8578447999999996,-3.8420389999999998,-3.8573925000000004,-3.7981032999999997,-3.752986,-3.8916261,-3.9116256000000003,-3.7152536,-3.8045782999999997
197.95356999999998,3.3882812999999996,3.7114705999999997,2.8581212000000003,1.7064381999999998,3.8162887000000003,3.7475523999999996,3.8673413,3.7206585,3.7633917,3.8779387,3.8797987000000003,3.685254,3.7648442
145.61086,2.6326196,2.7626049999999998,2.3048232000000004,1.6410874,2.7351222,2.7325044,2.9001037999999997,2.747346,2.7884860000000002,2.7763565,2.8175752,2.8370862,2.7435292999999996
225.84732000000002,3.6313447999999995,3.6519494,2.7777846,1.1665787,3.7672627,3.5951426,3.6406697999999995,3.7158659,3.7267027,3.7471628,3.6716766000000005,3.699461,3.7189486000000005
233.5414,3.1825943,3.4269373,2.5908546,1.2340999,3.4763917999999996,3.4504519,3.5241443999999995,3.529725,3.410571,3.6367195,3.5083860000000002,3.5893879999999996,3.5680199999999997
211.80434,0.42881545,0.54401165,1.1283281,2.9718014999999998,0.5552602,0.52098936,0.520912,0.6492833,0.5916925999999999,0.54998684,0.47434026,0.7735350999999999,0.6189899
-176.87212,-0.7930206,-1.1665431,-0.88108075,-3.0041477999999997,-1.076392,-1.0184405,-1.4625832,-1.0692127,-1.1407351000000001,-0.9979135,-1.1275872,-1.2130100000000001,-0.9518174999999999
125.63713,2.4572945,2.464741,1.540856,0.6116824000000001,2.5131794999999997,2.5011866,2.5154958,2.448836,2.5153402999999996,2.5743577,2.628057,2.4232674,2.5157692000000003
207.2457,3.8892328999999997,3.9617053999999996,3.704681,2.1455126,4.0389843,3.981871,4.5294247,4.08486,4.0941305,4.0304475,3.9634737999999996,4.1296396,3.8388730000000004
-149.14741999999998,-2.7581740000000003,-3.0489992999999997,-2.6913507,-1.4950331000000001,-3.0513169999999996,-3.0652697,-3.3121378,-3.0586216,-3.0309887000000004,-3.0368592999999997,-3.0481596,-3.0300004,-3.010522
-151.11206,-2.1435997,-2.2662023999999996,-2.4749327,-2.745015,-2.3262928,-2.3944363999999996,-2.2562995,-2.420886,-2.2887897,-2.4026468,-2.2329485,-2.3299813,-2.555597
-130.597,-2.6598158,-2.7935991000000002,-2.0792253,-0.87344956,-2.79053,-2.8203169999999997,-2.8473728,-2.8270812000000003,-2.7573682999999996,-2.8387525,-2.8811822,-2.7168262000000003,-2.725
-225.65656,-2.5584898,-2.528159,-2.2746212000000003,-2.1929212000000002,-2.4998142999999997,-2.5462863,-2.7161689,-2.4125714,-2.5375357000000003,-2.4700854,-2.4427986,-2.7011476,-2.330152
257.81897000000004,0.80897474,0.78277695,0.36486796,2.8948138,0.78440166,0.7007962,0.7323960999999999,0.59862584,0.63727444,0.53402483,0.6983026999999999,0.6816593000000001,0.6240108
117.63366,2.1844945,2.3944845,1.6554556,0.9356679,2.4600732000000005,2.3671815,2.5244796000000003,2.4266509999999997,2.4056365,2.4509425,2.454864,2.421019,2.3843427000000004
-186.67616,-3.2929406,-3.5161197,-3.1329691000000004,-1.9570058999999997,-3.5238042000000003,-3.4361515,-3.69519,-3.4611582999999997,-3.5030620000000003,-3.4570214999999997,-3.6134133000000004,-3.593083,-3.4643976999999997
193.64586,0.35279122,0.17523669,0.26093249999999996,4.878258,0.09609161,0.22491615,-0.19027879999999997,0.20507802,0.13051021,0.11402368,0.07773082,0.09534991,0.0957252
178.7861,0.4352152,0.86175364,0.7574850000000001,3.0108047000000004,0.8426235000000001,0.87880003,0.7686335999999999,0.6936554,0.75520754,0.6706976,0.9117008,0.7254944000000001,0.74173164
133.98888,2.6459496,3.0562412999999995,2.283534,1.2020088,3.2931652000000002,3.0824516,3.2297732999999997,3.1465511000000004,3.1743937,3.0920384,3.0255827999999996,3.1610053,2.9752836
218.69984,0.49483305,0.32151443,0.730306,3.5165842000000005,0.26013392,0.22614591,0.45213315,0.514339,0.25610146,0.5307063,0.19917520000000002,0.25225186,0.74419135
266.34985,0.26812908,0.056727923,0.66162694,6.334763,0.09856653,0.046659753,-0.04154352,0.08651961400000001,0.13824758,0.11696271,-0.11586946,-0.01679558,0.26622245
186.26726000000002,3.3576328999999996,3.6195462,3.1284554,2.286795,3.7704122000000004,3.697746,3.5778422,3.661839,3.5968676,3.8042163999999996,3.7329190000000003,3.6351092000000005,3.7629464
236.97992000000002,0.74952793,0.60487187,1.2293376,5.6892595,0.6825914000000001,0.70875263,0.64202815,0.56760764,0.72508776,0.54436743,0.40677184,0.7055084,0.45813146
-161.85146,-3.3277742999999993,-3.5815449999999998,-2.8123727,-1.6905259999999998,-3.6502714,-3.6496394,-3.4630379999999996,-3.5790997000000004,-3.6021433,-3.6880443,-3.7064726,-3.5862265,-3.5684366
-148.31099,-0.5270075,-0.8599943999999999,-0.32331225,-0.26386738,-1.0665016,-0.96244067,-1.0075693000000001,-0.92677534,-0.8897284,-0.9445108,-0.91964555,-0.8699045,-0.8145128
-251.66435,-3.7423212999999995,-3.9885452000000003,-3.5243559999999996,-1.9215936999999998,-4.0313725,-3.9331686,-4.3868003,-3.9949656000000004,-3.9097211000000005,-3.942901,-4.003154299999999,-3.9487395,-3.7814677000000003
-194.89165,-0.59260213,-0.20719410000000002,-0.7383033,-5.412451,-0.095828354,-0.42077705,-0.085416436,-0.30979568,-0.20986249,-0.19674103,-0.43861540000000004,-0.3301827,-0.4867906
-284.2801,-3.8639547999999997,-3.9165928,-2.754991,-1.6481723000000001,-4.0300107,-4.1381226,-4.0729546999999995,-3.8726642,-3.9380076,-3.9952660000000004,-4.1987133000000005,-4.0226690000000005,-3.9519307999999995
252.8605,4.4095182,4.421545,2.950031,1.1445034,4.5357199999999995,4.604472599999999,4.530869,4.4628863,4.467476400000001,4.5017949999999995,4.715161,4.5093207,4.5128317000000004
-295.7697,-0.6829024,-0.4727704000000001,0.13510674,-3.4428637,-0.39861038,-0.5683338000000001,-0.6371051,-0.40052065,-0.61605245,-0.4295415,-0.68443996,-0.49283785,-0.60887885
-125.80788000000001,-2.4600146,-2.4218957000000003,-2.0245755,-1.3397921,-2.5007599999999996,-2.4797654,-2.5955790000000003,-2.4760356,-2.4792810000000003,-2.5522013,-2.4812555,-2.4677944,-2.4378387999999998
-143.55191000000002,-3.063139,-3.1993022,-3.1644254000000003,-1.6278025,-3.2812373999999997,-3.1823978,-3.4480809999999997,-3.270321,-3.1922054,-3.2689908,-3.301689,-3.19457,-3.1377080000000004
238.77123999999998,0.61280465,0.30536047,1.4579107,5.967223000000001,0.35636145,0.46129724,-0.29294038,0.43752977,0.40763998,0.7061044,0.015408818999999999,0.3303018,0.8391728
142.78195,2.7271817000000005,3.0004125,3.3152926,3.4838050000000003,3.1191752,3.0743392000000003,3.1522892000000002,3.1363537,3.0626066,3.1215813,3.0212927000000005,3.121093,3.1858619999999997
176.55577,3.282093,3.3347757000000007,2.9577303,1.4144901,3.4567672999999997,3.310622,3.4411873999999996,3.4059230000000005,3.3845975,3.3789785000000006,3.3728561000000004,3.3835459,3.359343
221.17789,0.20027184,0.35130298,0.5098933,3.3548400000000003,0.39174652,0.34065673,0.52301127,0.44571564,0.42731184,0.51741886,0.35608497,0.4710271,0.45820865
157.92966,2.7509289,2.8003519,2.1747482000000002,0.7702511,2.8469303,2.8117137000000003,2.7731175,2.7221398,2.7064527999999997,2.8434088,2.778396,2.734331,2.6729813
160.91742,3.1174948,3.3314803,3.1562212000000005,1.8969796,3.3815602999999994,3.3365002,3.7368815000000004,3.3706970000000003,3.3891690000000003,3.488778,3.3762239999999997,3.4154199999999997,3.2749707999999997
-218.27985,-3.4719236,-3.5698032,-2.9585874,-1.7445879000000002,-3.5391119,-3.5917267999999996,-3.6941737999999997,-3.5324199999999997,-3.5075519999999996,-3.5445672999999993,-3.5292513,-3.5483665,-3.3546946
218.67516,2.964944,3.0828717,2.202668,1.4061223,3.0768304,2.997932,3.280641,3.1925893,3.108762,3.0249363999999996,3.1596894,3.2264574,3.2282083
-149.99788,-2.4266064,-2.5353265,-1.5724236,-0.90660626,-2.5545638,-2.4836378,-2.555202,-2.5117283,-2.5284374,-2.604759,-2.5761936000000003,-2.479893,-2.5751574
164.92706,2.8261957000000004,2.9363502999999995,2.455957,1.4437313999999999,3.0659451,3.0579383,3.0609975,3.0550182,3.0017507,3.0934901000000004,3.0319853,2.9756882,2.9964318
-206.10782,-0.26005563,0.039988734,-1.0336940000000001,-4.495959,-0.05645385,-0.017133974,0.003869563,-0.03511606,-0.06963938,-0.12262765,0.029296517,0.10069512,0.015361376000000001
124.54924,2.7395928,2.9258787999999996,2.355343,1.548124,2.9459667,2.9624759999999997,3.1053135,2.8956795,2.9342313,2.9721412999999997,2.9691672000000002,2.9270343999999997,2.9918196
245.3471,0.46394897,0.42937636,0.2932933,2.9559991,0.56074417,0.50689536,0.20394924,0.66261697,0.4651105,0.41648886,0.5277890000000001,0.5076599,0.5063365
-103.52835,-2.1707826,-1.8577852,-0.99244916,0.31816885,-1.8761476000000001,-1.8124286,-1.8306527,-1.8181306000000002,-1.8596648,-1.8833725,-1.8214474999999999,-1.7950326,-1.8332887999999998
-209.93007999999998,-3.2149042999999997,-3.4040487,-2.797967,-0.9457518,-3.4540512999999997,-3.4115474000000003,-3.7438042,-3.3513083,-3.4028970000000003,-3.2338867000000002,-3.363461,-3.3348687000000004,-3.1622784
-232.16975,-1.1048826,-0.7391722,-0.86900973,-4.176182,-0.9208687,-0.94177586,-1.1724756,-0.88585764,-0.97295135,-0.8941214,-1.2219870000000002,-0.9776655000000001,-0.7102115
-228.88637999999997,-1.8278748,-2.2218096000000003,-2.2720267999999995,-3.887668,-2.2788402999999997,-2.3150306,-2.2306306,-2.3799012000000004,-2.2488096,-2.4233994,-2.170583,-2.2872736000000002,-2.5356388
-283.29898,-3.328386,-3.5364141000000004,-2.3579938,-1.348803,-3.6721652000000002,-3.6340551,-3.877218,-3.6076455000000003,-3.6276783999999997,-3.6380644,-3.7422714,-3.6718292000000003,-3.5456237999999995
145.3008,2.7297275,2.8142028,2.628966,0.8085598,2.9193847,2.9061844,3.0436845,2.8958888,2.9158983,2.9016395,2.9510857999999995,2.9755778,2.794108
235.68767999999997,0.5896883,0.5801706,0.8894886000000001,4.825101999999999,0.66217417,0.7268464,0.98383874,0.5587211,0.5798163000000001,0.4409634,0.570228,0.60074097,0.5089666
139.96173000000002,1.2396082,1.5044731000000002,0.8027354,2.41086,1.5220823,1.542149,1.5862943,1.491533,1.4680165,1.4934493999999998,1.6122638,1.3947346,1.4202038000000001
134.55597,3.33825,3.5066218,3.4178154000000003,2.5072901,3.506997,3.5143292,3.714526,3.5373597,3.5624537000000003,3.5510053999999998,3.5473504,3.5358841,3.4352095
147.055,2.7665153,2.9803387999999997,2.6660093999999996,1.3138923999999998,3.076936,2.9353344,3.2233565,2.9371562,3.0139244,3.0513697,2.9449883,2.9949276,2.9674037
157.25797,2.416202,2.4254735,1.4411747,-0.28866932,2.4365335,2.3975875,2.2484236,2.436476,2.4192042000000002,2.5445373,2.4949220000000003,2.3677459,2.4924939999999998
256.11505,3.2477862999999996,3.5153171999999997,3.1175241000000002,3.4912852999999995,3.7048936,3.5300887000000003,3.6366377,3.6574855000000004,3.5395190000000003,3.7743782999999995,3.595909,3.6376307,3.7282028
163.10873,3.394646,3.4105464999999997,2.2244556,0.86740434,3.5016341,3.4413898,3.5120032,3.4056205999999998,3.4434152,3.5214915,3.6796388999999996,3.4484265,3.3301005
214.69013999999999,1.9361348000000003,2.0251982,2.3710666000000002,2.6179276000000002,2.128417,2.0967667000000003,2.1504445,2.0612943,2.1022146,2.2293851000000005,2.1367732999999998,2.0596151000000003,2.1329097999999997
-137.06746,-2.8352165,-2.8966985,-2.4898762999999997,-1.791093,-2.9362612,-2.9375525000000002,-3.121063,-2.9291437,-2.933235,-3.0050755000000002,-2.9548976000000002,-2.886568,-2.8909388
-202.97486999999998,-2.3551604999999998,-2.5444236,-2.1388762000000003,-1.384514,-2.7341732999999997,-2.5691533,-3.217533,-2.4747453,-2.5386040000000003,-2.5258439,-2.7527728,-2.4911795,-2.2308962
-200.99675,-3.514568,-3.7493762999999998,-3.7182622000000003,-2.7769985,-3.7733364000000003,-3.703146,-4.2497907,-3.6636782,-3.7209098,-3.7114019999999996,-3.714057,-3.8460693,-3.6044297
142.05951000000002,0.6945547,0.20742503,1.1943833000000001,4.106107700000001,0.24342656,0.23849738,0.4582621,0.24087167,0.36388877,0.29267743,0.19405203,0.39628148,0.3807506
-198.10312,-3.6313440000000003,-3.9520128,-3.4641047,-2.0763133000000003,-4.081278,-3.9547522000000006,-4.1584163,-3.925756,-4.0368023,-4.0395650000000005,-4.0342727,-3.9569572999999996,-3.8973727
204.55911,3.7191908,3.88195,2.5602984,0.9435228999999999,4.0458403,3.8311379999999997,3.6779902,3.9182186000000003,3.8752134,4.1455927,4.0983089999999995,3.665985,4.041626
-217.47817999999998,-2.9865767999999995,-3.1215236,-2.7769082000000003,-1.4613376,-3.203665,-3.1193327999999996,-3.3969114,-2.9961283,-3.1570682999999997,-3.1504252,-3.116365,-3.1680021000000003,-2.9904552000000004
-156.17264,-2.9201585999999997,-3.2774827000000006,-2.8181458,-1.0186484,-3.3290637000000003,-3.2634866000000002,-3.5722015,-3.2377295,-3.325705,-3.2891722000000003,-3.3288815,-3.243852,-3.2666974
-130.81656999999998,-2.1782772999999995,-2.1304624,-1.5726516000000001,-1.035655,-2.1788003,-2.1324284,-2.197518,-2.1215912999999995,-2.177747,-2.1425134999999997,-2.2640938999999998,-2.151566,-2.1342645
235.05016,0.28994855,-0.14264403,1.3921912,6.3573059999999995,-0.20911342,-0.108866245,-0.24886060000000002,0.21621792,-0.05635208,0.13295658,-0.3567482,0.077741936,0.33602592
-248.11821,-0.41993207,-0.31882727,0.097484425,-5.224486,-0.1500095,-0.22763176,-0.3083328,-0.097642675,-0.19542752,-0.091438614,-0.48869136,-0.18673703,-0.12192537
268.05255,0.3484349,0.64977115,0.32334736,2.174829,0.6261919,0.7225010000000001,0.46469620000000006,0.38957617,0.46521629999999997,0.42865023,0.64435303,0.48997787,0.58902204
-161.24498,-1.0842009,-1.1477805,-0.930394,-2.2909527,-1.0365628,-1.1046256,-1.3069218,-1.2591629,-1.1613877000000001,-1.3860948,-1.1355030000000002,-1.1301624,-1.4347275
-190.62991,-3.7634214999999998,-3.6446862,-3.296556,-2.1376576000000003,-3.7442997000000005,-3.6592312000000007,-3.6449795,-3.7023553999999996,-3.6553557,-3.6856635000000004,-3.6560135000000002,-3.661635,-3.6600932999999998
210.28009,3.3363987999999996,3.4957411,2.7675549999999998,1.0532045,3.5062010000000003,3.5957934999999996,3.8351016,3.3324592000000006,3.5703322999999996,3.4890152999999997,3.5184328999999996,3.4297230000000005,3.4211593000000002
-116.03556,-2.2177837000000005,-2.2105572,-1.4922918,-0.76044023,-2.2560467999999996,-2.201046,-2.3501375,-2.2567122000000004,-2.2243545,-2.272008,-2.3310542,-2.219157,-2.1714182
233.8973,1.008864,0.78579515,1.2040292,5.084327,0.74908715,0.62981224,0.79841536,0.800257,0.82617223,0.7194964,0.71351916,0.7573592,0.63376427
213.04984,0.64690083,1.0762428,0.8937063000000001,3.3586092000000005,1.114692,1.0554721000000002,1.2325879,1.0324601999999998,0.99343985,1.1221488000000002,1.0625448,0.98672676,1.2067235
-204.82963999999998,-3.4612582,-3.879497,-3.1106272,-2.031892,-3.8769221,-3.80137,-3.8821937999999996,-3.8010461,-3.7460542,-3.9117733999999995,-3.8043669999999996,-3.8282684999999996,-3.883004
-155.0395,-1.0695620000000001,-1.0903673999999999,-0.8682101999999999,-1.0949997,-1.2004133,-1.1371725000000001,-1.322743,-1.1858162,-1.2270584999999998,-1.281563,-1.2301698,-1.2243335,-1.0389780999999998
-112.66726000000001,-2.5481594,-2.50956,-1.6102252000000001,-0.28755808,-2.5430599999999997,-2.5884162999999996,-2.5995562000000003,-2.6028829,-2.4836588,-2.5578098,-2.6296673,-2.5335472,-2.5389283
216.25062999999997,3.7064489999999997,3.9039203999999996,2.8893702,1.4823297,3.9615142,4.051262,4.173106,3.9850445,3.872604,4.1323075,3.9217117,3.9941065000000004,4.038218
-158.0281,-3.3943226,-3.717232,-3.0590289,-1.29224,-3.8938558,-3.9047723,-4.115988,-3.6890989999999997,-3.857322,-3.7640184999999997,-3.8481383,-3.8588154,-3.7017357000000004
199.14575,0.4180826,0.49645314,0.24067414,3.9344727999999995,0.5349998,0.46732217,0.3350916,0.57732975,0.39315492,0.52608854,0.3625665,0.39164078,0.36082163
291.44614,4.2939167000000005,4.233014,2.7305284,1.0861806999999999,4.3657913,4.2442720000000005,4.5401015,4.3191147,4.239247,4.4681554000000006,4.3980837,4.2136517,4.3042355
185.3148,2.5552056,2.7699175,2.1519852000000004,1.0739292,2.8499162,2.8804833999999997,2.8014605,2.807495,2.7254012000000003,2.8825,2.8010870999999997,2.7945185,2.8468852000000004
277.9281,3.9753489999999996,3.766056,2.5400152,2.5841596,3.8289089999999995,3.7599400000000003,4.1903872,3.7159388,3.7702487000000002,3.7601774,3.8560586000000003,3.803958,3.7396953
-215.35376000000002,-1.3793555,-1.2097886999999998,-1.4948834,-2.5499175,-1.3470831,-1.3723718,-1.1702586000000001,-1.376719,-1.2668374,-1.4516678,-1.3114021,-1.2340593,-1.2657892
176.5556,0.48161966,0.40539179999999997,0.6778809,3.505114,0.12676522,0.32380468,-0.023070132,0.43558377,0.30174404,0.42183837,0.25320909999999996,0.31297743,0.51439077
158.02632,0.643358,0.47797912,0.3440523,4.5933247,0.30133876,0.49908328,0.16941102,0.33618575,0.4729858,0.49623927,0.50835717,0.4097285,0.45805913
151.19806,2.6439562000000003,2.9301736000000003,2.2527542,0.96034676,2.989573,3.04727,2.8790681,2.9605255,2.9132674,2.9888613,2.9763319999999998,2.9024400000000004,2.9065375
-241.83652999999998,-4.0989203000000005,-4.364818,-3.7319633999999997,-1.9972596000000002,-4.251658,-4.5931473,-4.9472837,-4.270372,-4.418674,-4.3564262000000005,-4.534519,-4.4126163,-4.2142672999999995
151.92661999999999,0.6478229,0.8968463,0.51362777,0.6672081999999999,0.8425090000000001,0.84863305,0.99108094,0.72321105,0.72385883,0.7433352,0.96975327,0.7893062,0.62723404
-171.43317,-0.5235221999999999,-0.4060224,-0.045284458,-2.7992008,-0.27736327,-0.41976812,-0.19660626,-0.34035808,-0.25084054,-0.35186616,-0.45506272,-0.24840382,-0.38712922
-142.42426,-2.8855002,-3.0910935,-2.766396,-1.4184743,-3.0493815,-3.0581169999999998,-3.2950093999999996,-3.1102066,-3.0572035,-3.1461275,-3.103286,-3.1518676,-3.012881
224.38897999999998,2.064959,2.120879,2.106852,3.8689980000000004,2.1808426,2.071217,2.3845193,1.9908737,2.2554154,2.1471548,2.065511,2.1268882999999996,1.9608240000000001
-190.02495,-0.0066074394,-0.023306373999999998,-1.1992648000000001,-4.3184385,-0.10453256,-0.06668102,0.031796899999999996,-0.056862607999999995,-0.082193404,-0.12816224,0.059105175999999995,-0.144584,-0.14759916
237.30463999999998,2.8897734,3.0569096,2.7775261,1.2413403,3.0595205,3.0537642999999997,3.4530847000000002,3.0981035,3.170086,3.0678878,3.045123,3.1949775000000002,2.977821
228.96462999999997,3.3570900000000004,3.4620054,2.6320941,1.3158203000000002,3.5601861000000006,3.6014163,3.6560303999999997,3.6015099999999998,3.4823766000000003,3.6285442999999997,3.5859067000000002,3.4584057,3.6339254
-153.22284,-2.965857,-3.1835084,-2.9649959,-1.6802034,-3.2579002,-3.1752877,-3.4075265,-3.22071,-3.081727,-3.2061436000000003,-3.1041286,-3.2094362000000003,-3.1266439999999998
241.69473,0.9096303,0.81276524,1.6190014,4.7114935,0.77041125,0.67181545,0.6593835,0.8157278,0.7753181,0.7376161,0.70096946,0.8274541999999999,0.91772854
-128.08508,-3.1671240000000003,-3.2687876,-2.7679042999999997,-2.0123477,-3.2855597000000003,-3.2720437,-3.4708183,-3.3546455,-3.3116437999999992,-3.2639785,-3.3605897000000002,-3.3413253,-3.2553644
-117.67294,-1.6764259,-1.7239817,-1.3700503000000002,-0.8352869,-1.8620391,-1.8698733,-1.895625,-1.7708226000000002,-1.7405113999999997,-1.8259869999999998,-1.8300811000000001,-1.7082036,-1.81742
-138.59067,-3.3139062000000004,-3.151842,-2.3604271,-0.609893,-3.233653,-3.2542171000000004,-3.1502632999999998,-3.1266835,-3.2154646000000002,-3.2750285,-3.3390772000000006,-3.1540277000000003,-3.1682832000000003
120.36048999999998,1.5191268999999998,1.4575105,1.1409302,0.36869654,1.4576089,1.4867845,1.4387876,1.5327145,1.4488733999999999,1.5008377,1.5607753,1.4599726,1.5123491000000002
-261.29932,-3.9704077000000004,-4.1952934,-3.3186447999999995,-3.7081102999999995,-4.277748,-4.2320657,-4.2624073,-4.317528,-4.2506949999999994,-4.4510713,-4.3249984,-4.182587600000001,-4.381998
-189.43169,-3.0918372000000005,-3.0742905,-2.553839,-1.3183454,-3.2303830000000002,-3.1825688,-3.2020428,-3.2689965,-3.1218357000000005,-3.2789278,-3.2527258,-3.1115868,-3.2503952999999997
-199.59923999999998,-0.7177574999999999,-1.0785978999999999,-1.1337856000000002,-3.6789434,-1.1430133999999998,-1.0319285,-1.461379,-1.122702,-1.0860707,-1.3487684,-1.0745334999999998,-1.0893363,-1.4108312
-167.85439,-3.736418,-3.830627,-3.5449193,-2.1119527999999996,-4.022930000000001,-3.8030314,-4.345934,-3.9314985,-3.9903226000000003,-3.8200373999999995,-3.9461534,-4.0011816,-3.7711885
151.21541000000002,2.9026,3.0145915,2.3905685,0.4918814,3.1591084,3.0876252999999996,3.1984220000000003,3.0152297000000003,3.055931,3.1020404999999998,3.0542830000000003,3.0888462000000003,3.0012116
-155.42235,-2.7840629,-2.9743726,-2.6470580000000004,-1.2163156000000002,-3.0891135,-3.029554,-3.24111,-3.0495753,-3.0324487999999996,-3.0406392,-3.0634246,-3.0674392999999998,-3.0301864
181.33647,3.3848996,3.6031404,3.0793867,0.9016619,3.6371708,3.6068160000000002,4.0305285,3.5500964999999995,3.5647597,3.6336234,3.7748182,3.6971943,3.5611777
275.71124,1.7933693,2.0249968000000003,0.98994553,2.9954562,1.9573337,2.1229992,2.278902,1.8835104999999999,2.0751107,1.9425235,2.2463777,2.0599355999999998,1.873534
209.09851,3.347317,3.7277231,2.439239,1.6404154,3.7594903,3.7510543,3.6922858,3.681189,3.6682517999999997,3.6739342000000006,3.8079364,3.624486,3.6389843999999996
-224.28972000000002,-0.3887344,-0.28627753,0.0690707,-3.4248849999999997,-0.111631304,-0.15801014,-0.20917714,-0.11152229999999999,-0.21298356,-0.24350299,-0.28216484,-0.077963434,-0.22108094
166.15403999999998,2.4536197,2.9101999,2.2422058999999996,1.7208818,2.7394664,2.8455822,3.2724097000000003,2.8037417000000002,2.7502644,2.8441062,2.8587358,2.8044388,2.974935
-246.07932999999997,-3.2477112,-3.2819464,-2.449129,-1.152858,-3.5841214999999997,-3.3942818999999997,-3.3020443999999998,-3.3578086000000003,-3.3846052,-3.3826177000000004,-3.3388032999999995,-3.3549159,-3.4618510000000002
-223.52477000000002,-2.9964252,-3.3111935,-2.6064906000000003,-1.3731049,-3.3449769999999996,-3.3119462,-3.48841,-3.2687337000000003,-3.3546883999999997,-3.3028762,-3.5018294,-3.27382,-3.1968958
203.94613999999999,0.48307120000000003,0.17483196,0.4941202,4.467183599999999,0.2249159,0.16249620000000004,0.043343942999999996,0.22232889,0.19658302,0.10221481,0.15346771,0.22803847,0.25160018
-188.0371,-3.3314605000000004,-3.492801,-2.763935,-1.2444004,-3.5391218999999996,-3.5487967000000005,-3.7077044999999997,-3.397124,-3.524337,-3.3581567000000003,-3.6703050000000004,-3.4191537000000003,-3.3198233
-126.20666999999999,-2.5860727000000003,-2.8167223999999997,-1.8790779,-0.7339129,-2.960461,-2.9598897,-2.8802638,-2.8332898999999996,-2.8409123,-2.9264226000000004,-2.9491572,-2.8814417999999997,-2.8153687
196.28372,2.7647798,3.0194464,2.5075536,1.3817449,2.9935883999999997,3.0874896,3.3777508999999997,3.0445082,2.9821439,3.142496,3.0551852999999998,3.1210575,2.7711544
200.89319,0.057891537,0.38553044,0.868776,4.6306496,0.21210846,0.30863318,0.13814168,0.36152944,0.38077343,0.4387009,0.2179988,0.38048264,0.5508409000000001
-199.9633,-3.2789292000000003,-3.5221088,-2.6494987,-1.1529018,-3.5334925999999998,-3.5128112000000002,-3.6419660000000005,-3.4035075,-3.3892705000000003,-3.4535157999999995,-3.5289099999999998,-3.4256806000000006,-3.3347516
248.42628,1.0005690999999999,0.8617186,0.8299770000000001,4.3775086,0.6398173,0.86888343,0.90913695,0.7658213,0.9023412000000001,0.75495994,0.8904429,0.77024996,1.0440525
-214.1088,-0.61878955,-0.48916897,-0.6892991,-3.6544833,-0.37788975,-0.35077208,-0.4115358,-0.32082528,-0.5661944999999999,-0.4408565,-0.4498142,-0.53299636,-0.54183054
-255.29025,-1.4016486000000001,-1.1208949,-0.9673876,-3.1537182,-1.2404013,-1.3110313,-1.2530135,-1.2518315,-1.1348542,-1.3813434,-1.2084924,-1.1250278999999999,-1.3838978000000002
199.03105,1.7704659,2.6549099999999997,2.3617470000000003,2.876782,2.798239,2.7380447,3.0412334999999997,2.8079169999999998,2.8664567,2.6713188,2.7951517000000003,2.786245,2.6727092
-142.13173,-2.6617775000000004,-2.8398476,-2.2548165,-1.0471754,-2.8835325000000003,-2.830225,-3.0435972000000002,-2.8273675,-2.8281307,-2.8388019,-2.9272982999999995,-2.8828554,-2.8501399
237.85948,1.0477319999999999,1.1415628,1.0258155999999998,1.6992671000000001,1.2523028999999999,1.1338462,1.2068493,1.1219361,1.1445795,0.9659190000000001,0.9550561,1.028124,0.8161788000000001
209.71751,0.37129822,0.15035585,0.5215692,5.674725,0.15322107,0.056827195,0.35199034,0.0495163,0.18441993,0.071097694,0.14233333,0.22039278,0.14759986
-234.16652000000002,-3.31485,-3.4983299,-2.9465282000000004,-1.6960756000000001,-3.5577176,-3.4030378,-3.7488949999999996,-3.4506876,-3.4518663999999997,-3.4782212,-3.4941089999999995,-3.472399,-3.3632185
-203.58505,-3.9355862,-4.08936,-3.921396,-2.0028145,-4.318237,-4.0632353,-4.7416224,-4.074374,-4.1723957,-4.135715,-4.1667542,-4.1588389999999995,-4.0572686000000004
241.69507000000002,2.808202,3.1111894,3.1813211,4.355257,3.1800203,3.3031695,3.048721,3.2614899,3.1618353999999997,3.4040047999999996,2.9888112999999996,3.1414282000000004,3.3315839999999994
238.46703,3.3475316,3.6824362,2.4743931,1.4398138999999999,3.9302208,3.9764690000000003,3.9456267,3.7614157,3.7583191,3.8283532,4.079418700000001,3.7349072,3.6870036
154.36194,0.6940864999999999,0.6396706,0.15335179999999998,0.60477495,0.8060263000000001,0.78297687,0.7927021,0.7783009,0.6619453000000001,0.82911634,0.7190761,0.61484075,0.80671597
152.26211999999998,1.9658546000000001,2.2785232000000004,1.4917067,1.7945229,2.3269854,2.2974825,2.3333932999999996,2.3181412,2.1660442000000004,2.3947252999999997,2.3056226000000004,2.2339075,2.4428415
-138.7164,-2.0880872999999998,-2.293749,-1.4830359,-0.7884473000000001,-2.3690073,-2.2690593999999997,-2.3078291,-2.253847,-2.2527516,-2.2776601000000003,-2.3277566000000003,-2.1774626,-2.250057
203.5734,0.05672471,-0.09879661,0.45808804,6.179597,-0.18347351,-0.10024649,-0.15558784,-0.32193527,-0.18135491,-0.27555624,-0.07387812,-0.17575824,-0.18118712
-154.72493,-0.31418708,-0.6693829000000001,0.16718958,-0.6136921,-0.6614167,-0.5976673000000001,-0.99748045,-0.75829554,-0.7887793000000001,-0.8068983000000001,-0.73109424,-0.70327264,-0.7418037
190.9524,3.2114477000000003,3.3885026,2.590564,1.3503878999999999,3.440918,3.4700186,3.4759383,3.4715824,3.4488678,3.4818553999999997,3.479461,3.3522546,3.487084
-189.42938,-3.2415588,-3.5147467000000003,-2.048567,-1.1082716000000001,-3.5469999999999997,-3.4385004,-3.6632656999999997,-3.337309,-3.4107056000000004,-3.4808947999999997,-3.597638,-3.4291690000000004,-3.4493709000000004
-225.7727,-2.7292520000000002,-3.177681,-3.2873766000000004,-4.464306400000001,-3.2939830000000003,-3.2774023999999997,-3.1735919999999997,-3.3335602,-3.2610533,-3.4739989999999996,-3.055605,-3.2150962000000005,-3.4652819999999998
114.956345,0.9851323000000001,0.9666476999999999,0.35677454,0.8479878000000001,1.0593952,0.9842744000000001,1.2157086000000001,0.9130844000000001,0.9558947,0.9390499,1.1460309,1.0048193,1.0151485999999998
-171.58472,-3.0600498,-3.4313343,-3.0801232000000005,-1.5419298000000001,-3.4297797999999995,-3.4091190000000005,-3.7512239999999997,-3.5503,-3.6037169000000002,-3.4204925999999998,-3.4652147000000006,-3.5145769999999996,-3.381961
246.97151000000002,0.8918795,0.6209795,0.7906622,3.9562974000000004,0.7715352,0.68632203,1.2819418,0.57172835,0.72911227,0.60276234,0.7291161,0.7185951999999999,0.34892049999999997
214.95601000000002,2.900105,3.130741,2.0366893,1.1108055000000001,3.1850157,3.1863537,3.0046343999999996,3.203058,3.1313152,3.1992632999999997,3.310092,3.1644282,3.1810148
-149.51144,-3.4247834999999998,-3.6562562000000005,-3.5403998,-2.313294,-3.7293966,-3.6700845,-3.999967,-3.7243282999999994,-3.6912181000000004,-3.777073,-3.6318576,-3.6807656000000004,-3.6320703
194.30336,0.44495323,0.41317254,0.42175156,2.62488,0.42955568,0.4241513,0.63136023,0.4399787,0.4601307,0.40072492,0.56993794,0.47223508,0.36762357
147.98764,0.5066742,0.6069413,0.17028864,0.32963344,0.7495103,0.707491,0.6972148,0.6180608,0.6631092,0.69260234,0.7852263,0.681882,0.62097853
122.20016499999998,2.6665046,2.6886970000000003,2.230645,1.6487383000000002,2.7160518,2.7135974999999997,2.8668384999999996,2.7769353,2.7558119999999997,2.7128257999999996,2.8222055,2.7424266,2.7059243
-214.9841,-3.1029081,-3.1453595,-2.7270777,-1.8093717,-3.2850363,-3.2323453,-3.4626144999999995,-3.1663394,-3.3872108,-3.200864,-3.2705662,-3.3757036,-3.0105503
205.17993,3.4882731,3.61535,2.6682742000000004,1.0106716,3.7980970999999997,3.6697830000000002,3.6160013999999996,3.8718855000000003,3.661496,3.9011078,3.8157891999999998,3.5632367,3.7807648
159.81895,3.7372386,4.2121973,4.091494,2.8676846,4.337088,4.3066497,4.816369,4.3184876,4.1902857000000004,4.387723,4.291222599999999,4.314907,4.3365035
-273.8133,-4.7978644,-4.921526,-3.2240132999999997,-2.0162363,-4.9442677,-4.9305606,-5.2324996,-4.8327475,-4.923481,-4.845038400000001,-5.137875599999999,-4.8639603,-4.7709107
152.50891000000001,1.7220188000000003,1.8468620999999998,1.3104678,1.7848827,2.0251448,1.9980360000000001,2.2630388999999997,2.0713725,2.0103247,2.0841317,2.0055075,1.9186755000000002,2.1579092
-222.87357999999998,-0.3373238,-0.34496185,-0.5350203,-1.8530618000000003,-0.43865870000000007,-0.30741602,-0.48879692,-0.42913926,-0.41104079999999993,-0.24916315,-0.27920705,-0.44225645,-0.21835603
182.70352,-0.100136295,-0.28195370000000003,0.97579575,3.4650717,-0.11186580000000002,-0.25770160000000003,-0.7012116999999999,-0.30450138,-0.21227555,-0.19061208,-0.44457793,-0.28772402,-0.3101643
-169.70016,-1.8372921000000002,-1.929369,-2.4189307999999996,-2.8224638,-2.1581147,-2.0294131999999996,-2.2136948,-2.2241724,-2.1444384999999997,-2.3050144,-1.9744706000000003,-2.175459,-2.3237765
-229.3919,-2.2205102,-2.4265304,-1.5679218000000001,-1.9089543000000002,-2.3411171000000004,-2.3946612000000003,-2.4157195,-2.3321044,-2.4097154,-2.5484459999999998,-2.4550755,-2.3706937000000003,-2.5061111
219.8083,3.407779,3.6542068,3.070255,1.7447746,3.7303772000000004,3.6823913999999998,3.9644449,3.6173208,3.7788706,3.613455,3.774565,3.763814,3.4484801
187.66226,3.4249093999999998,3.4528024,2.9243674,2.2584364,3.5200746,3.5277510000000003,3.4539144,3.5083199,3.4207637,3.5289303999999997,3.5284472,3.4078166,3.5542316
-176.7687,-2.8812706,-3.23272,-2.7376356,-1.6781244999999998,-3.374562,-3.280535,-3.3272269,-3.3230962999999996,-3.3112642999999995,-3.477143,-3.2751252999999996,-3.2740939,-3.3504565000000004
-114.91763999999999,-2.5104702000000003,-2.5510080000000004,-1.3820860000000001,-0.13138908,-2.6681225,-2.6004452999999996,-2.7077258,-2.5473506,-2.5943433999999996,-2.586486,-2.6012197,-2.5585632,-2.5326996
161.65733,1.1963841,1.3382553,0.6959266,2.2522607000000003,1.3650712,1.4009571,1.5684496,1.5522803,1.447439,1.63832,1.4293885,1.3919986,1.6832322
139.83158999999998,3.1445502999999997,3.3294828,2.5326116,0.82217884,3.413779,3.3375828000000003,3.5671199999999996,3.2928119,3.2666779999999997,3.372557,3.4262037000000003,3.3104422,3.1797552000000002
213.88527000000002,3.3543220000000002,3.484401,2.641742,1.2544053,3.6222839999999996,3.5014915,3.5589342000000004,3.6274612,3.5211593999999997,3.7067447000000002,3.6375123999999994,3.5234660000000004,3.7091844
-176.7687,-2.8812706,-3.23272,-2.7376356,-1.6781244999999998,-3.374562,-3.280535,-3.3272269,-3.3230962999999996,-3.3112642999999995,-3.477143,-3.2751252999999996,-3.2740939,-3.3504565000000004
